ID,Title,Air_Date,Production_Code,Season,Episode_No.,Total_Episodes_Till_Now,US_Viewers_In_Millions,Views,IMDB_Rating,IMDB_Votes,Image_URL,Video_URL
450,Thursdays with Abie,03-01-2010,MABF02,21,9,450,8.65,36227,6.8,481,http://static-media.fxx.com/img/FX_Networks_-_FXX/180/63/Thursdays_with_Abie.jpg,http://www.simpsonsworld.com/video/250369603964
451,Once Upon a Time in Springfield,10-01-2010,LABF20,21,10,451,14.62,40194,6.7,552,http://static-media.fxx.com/img/FX_Networks_-_FXX/189/347/Once_Upon_a_Time_in_Springfield.jpg,http://www.simpsonsworld.com/video/250379331672
452,Million Dollar Maybe,31-01-2010,MABF03,21,11,452,5.11,40854,7.1,532,http://static-media.fxx.com/img/FX_Networks_-_FXX/603/859/Simpsons_21_11.jpg,http://www.simpsonsworld.com/video/279804995696
453,Boy Meets Curl,14-02-2010,MABF05,21,12,453,5.87,44945,6.8,525,http://static-media.fxx.com/img/FX_Networks_-_FXX/195/203/Boy_Meets_Curl.jpg,http://www.simpsonsworld.com/video/250385475646
454,The Color Yellow,21-02-2010,MABF06,21,13,454,6.08,41059,6.6,496,http://static-media.fxx.com/img/FX_Networks_-_FXX/595/799/The_Color_Yellow.jpg,http://www.simpsonsworld.com/video/255100483932
455,Postcards from the Wedge,14-03-2010,MABF04,21,14,455,5.23,41357,7.1,480,http://static-media.fxx.com/img/FX_Networks_-_FXX/200/83/Postcards_from_the_Wedge.jpg,http://www.simpsonsworld.com/video/250390595937
456,Stealing First Base,21-03-2010,MABF07,21,15,456,5.69,40487,7,554,http://static-media.fxx.com/img/FX_Networks_-_FXX/206/439/Simpsons_21_15.jpg,http://www.simpsonsworld.com/video/250397251688
457,The Greatest Story Ever D'ohed,28-03-2010,MABF10,21,16,457,5.69,44070,5.7,675,http://static-media.fxx.com/img/FX_Networks_-_FXX/607/763/The_Greatest_Story_Ever_D_Ohed.jpg,http://www.simpsonsworld.com/video/279809091713
458,American History X-cellent,11-04-2010,MABF08,21,17,458,5.65,44645,6.7,482,http://static-media.fxx.com/img/FX_Networks_-_FXX/312/895/American_History_X-Cellent.jpg,http://www.simpsonsworld.com/video/250508867924
459,Chief of Hearts,18-04-2010,MABF09,21,18,459,5.93,41528,6.9,482,http://static-media.fxx.com/img/FX_Networks_-_FXX/319/227/Chief_of_Hearts.jpg,http://www.simpsonsworld.com/video/250515523850
460,The Squirt and the Whale,25-04-2010,MABF14,21,19,460,5.94,40632,6.9,511,http://static-media.fxx.com/img/FX_Networks_-_FXX/323/131/The_Squirt_and_the_Whale.jpg,http://www.simpsonsworld.com/video/250519619700
461,To Surveil with Love,02-05-2010,MABF12,21,20,461,6.06,45738,7.2,519,http://static-media.fxx.com/img/FX_Networks_-_FXX/326/559/Simpsons_21_20.jpg,http://www.simpsonsworld.com/video/250523203904
462,Moe Letter Blues,09-05-2010,MABF13,21,21,462,5.66,40904,6.9,491,http://static-media.fxx.com/img/FX_Networks_-_FXX/392/474/Simpsons_21_21.jpg,http://www.simpsonsworld.com/video/250592323527
463,The Bob Next Door,16-05-2010,MABF11,21,22,463,6.26,43446,7.2,545,http://static-media.fxx.com/img/FX_Networks_-_FXX/334/867/The_Bob_Next_Door.jpg,http://www.simpsonsworld.com/video/250531907855
464,Judge Me Tender,23-05-2010,MABF15,21,23,464,5.74,41830,6.6,507,http://static-media.fxx.com/img/FX_Networks_-_FXX/571/375/Simpsons_21_23.jpg,http://www.simpsonsworld.com/video/255074883631
465,Elementary School Musical,26-09-2010,MABF21,22,1,465,7.75,31638,6.3,691,http://static-media.fxx.com/img/FX_Networks_-_FXX/433/79/ElementarySchoolMusical.jpg,http://www.simpsonsworld.com/video/263519811935
466,Loan-a Lisa,03-10-2010,MABF17,22,2,466,8.59,35051,6.8,506,http://static-media.fxx.com/img/FX_Networks_-_FXX/438/959/Simpsons_22_02.jpg,http://www.simpsonsworld.com/video/263525955686
467,MoneyBart,10-10-2010,MABF18,22,3,467,6.72,39073,6.8,501,http://static-media.fxx.com/img/FX_Networks_-_FXX/444/315/Simpsons_22_03.jpg,http://www.simpsonsworld.com/video/263531587720
468,Treehouse of Horror XXI,07-11-2010,MABF16,22,4,468,8.19,61954,7.1,680,http://static-media.fxx.com/img/FX_Networks_-_FXX/487/783/Treehouse_of_Horror.jpg,http://www.simpsonsworld.com/video/263577155794
469,"Lisa Simpson, This Isn't Your Life",14-11-2010,MABF20,22,5,469,8.97,40637,7.2,482,http://static-media.fxx.com/img/FX_Networks_-_FXX/452/622/Simpsons_22_05.jpg,http://www.simpsonsworld.com/video/263540291528
470,The Fool Monty,21-11-2010,NABF01,22,6,470,6.58,38097,6.5,479,http://static-media.fxx.com/img/FX_Networks_-_FXX/456/526/TheFoolMonty.jpg,http://www.simpsonsworld.com/video/263544387571
471,How Munched is That Birdie in the Window?,28-11-2010,NABF02,22,7,471,9.38,37568,6.4,489,http://static-media.fxx.com/img/FX_Networks_-_FXX/457/1003/HowMunchedisthatBirdie.jpg,http://www.simpsonsworld.com/video/263545923923
472,The Fight Before Christmas,05-12-2010,MABF22,22,8,472,9.54,43781,6.9,564,http://static-media.fxx.com/img/FX_Networks_-_FXX/462/883/TheFightBeforeChristmas.jpg,http://www.simpsonsworld.com/video/263551043814
473,Donnie Fatso,12-12-2010,MABF19,22,9,473,7.18,40276,7,528,http://static-media.fxx.com/img/FX_Networks_-_FXX/482/903/DonnieFatso.jpg,http://www.simpsonsworld.com/video/263572035826
474,Moms I'd Like to Forget,09-01-2011,NABF03,22,10,474,12.6,41253,6.3,464,http://static-media.fxx.com/img/FX_Networks_-_FXX/214/790/Simpsons_22_10.jpg,http://www.simpsonsworld.com/video/256848451515
475,Flaming Moe,16-01-2011,NABF04,22,11,475,6.47,42734,6.9,520,http://static-media.fxx.com/img/FX_Networks_-_FXX/490/210/Simpsons_22_11.jpg,http://www.simpsonsworld.com/video/263579715535
476,Homer the Father,23-01-2011,NABF05,22,12,476,6.5,42691,7,486,http://static-media.fxx.com/img/FX_Networks_-_FXX/217/719/Simpsons_22_12.jpg,http://www.simpsonsworld.com/video/256851523744
477,The Blue and the Gray,13-02-2011,NABF06,22,13,477,5.61,42028,6.9,461,http://static-media.fxx.com/img/FX_Networks_-_FXX/318/447/Simpsons_22_13.jpg,http://www.simpsonsworld.com/video/254809667917
478,Angry Dad: The Movie,20-02-2011,NABF07,22,14,478,6.35,42693,7.2,559,http://static-media.fxx.com/img/FX_Networks_-_FXX/322/851/Simpsons_22_14.jpg,http://www.simpsonsworld.com/video/254814275630
479,The Scorpion's Tale,06-03-2011,NABF08,22,15,479,6.2,42142,6.7,489,http://static-media.fxx.com/img/FX_Networks_-_FXX/326/255/Simpsons_22_15.jpg,http://www.simpsonsworld.com/video/254817859928
480,A Midsummer's Nice Dream,13-03-2011,NABF09,22,16,480,5.44,38893,6.1,481,http://static-media.fxx.com/img/FX_Networks_-_FXX/330/159/Simpsons_22_16.jpg,http://www.simpsonsworld.com/video/254821955889
481,Love Is a Many Strangled Thing,27-03-2011,NABF10,22,17,481,6.14,41202,6.5,470,http://static-media.fxx.com/img/FX_Networks_-_FXX/338/466/Simpsons_22_17.jpg,http://www.simpsonsworld.com/video/254830659539
482,The Great Simpsina,10-04-2011,NABF11,22,18,482,4.99,41560,7,491,http://static-media.fxx.com/img/FX_Networks_-_FXX/372/651/Simpsons_22_18.jpg,http://www.simpsonsworld.com/video/254866499808
483,The Real Housewives of Fat Tony,01-05-2011,NABF12,22,19,483,6.1,41638,6.6,486,http://static-media.fxx.com/img/FX_Networks_-_FXX/376/55/Simpsons_22_19.jpg,http://www.simpsonsworld.com/video/254870083832
484,Homer Scissorhands,08-05-2011,NABF13,22,20,484,5.48,46154,7.2,483,http://static-media.fxx.com/img/FX_Networks_-_FXX/381/935/Simpsons_22_20.jpg,http://www.simpsonsworld.com/video/254876227684
485,500 Keys,15-05-2011,NABF14,22,21,485,6,46660,7.3,505,http://static-media.fxx.com/img/FX_Networks_-_FXX/386/315/Simpsons_22_21.jpg,http://www.simpsonsworld.com/video/254880835816
486,The Ned-Liest Catch,22-05-2011,NABF15,22,22,486,5.25,43681,7,492,http://static-media.fxx.com/img/FX_Networks_-_FXX/596/775/Simpsons_22_22.jpg,http://www.simpsonsworld.com/video/255101507699
487,The Falcon and the D'ohman,25-09-2011,NABF16,23,1,487,8.08,39209,7.2,672,http://static-media.fxx.com/img/FX_Networks_-_FXX/751/263/TheFalconandtheDohman.jpg,http://www.simpsonsworld.com/video/273517123847
488,Bart Stops to Smell the Roosevelts,02-10-2011,NABF17,23,2,488,6.19,37642,7,528,http://static-media.fxx.com/img/FX_Networks_-_FXX/752/739/BartStopstoSmelltheRoose.jpg,http://www.simpsonsworld.com/video/273518659843
489,Treehouse of Horror XXII,30-10-2011,NABF19,23,3,489,8.1,63816,6.6,654,http://static-media.fxx.com/img/FX_Networks_-_FXX/680/507/reehouseofHorrorXXII.jpg,http://www.simpsonsworld.com/video/230493251807
490,Replaceable You,06-11-2011,NABF21,23,4,490,7.97,38034,6.7,491,http://static-media.fxx.com/img/FX_Networks_-_FXX/960/747/ReplaceableYou.jpg,http://www.simpsonsworld.com/video/273736771817
491,The Food Wife,13-11-2011,NABF20,23,5,491,7.5,42746,7.2,562,http://static-media.fxx.com/img/FX_Networks_-_FXX/184/682/TheFoodWife.jpg,http://www.simpsonsworld.com/video/233194563539
492,The Book Job,20-11-2011,NABF22,23,6,492,5.77,42780,7.8,712,http://static-media.fxx.com/img/FX_Networks_-_FXX/400/295/TheBookJob.jpg,http://www.simpsonsworld.com/video/264559171655
493,The Man in the Blue Flannel Pants,27-11-2011,PABF01,23,7,493,5.61,41687,6.8,493,http://static-media.fxx.com/img/FX_Networks_-_FXX/182/731/TheManintheBlueFlannel.jpg,http://www.simpsonsworld.com/video/233192515983
494,The Ten-Per-Cent Solution,04-12-2011,PABF02,23,8,494,9.01,39002,6.2,476,http://static-media.fxx.com/img/FX_Networks_-_FXX/702/479/TheTenPerCentSolution.jpg,http://www.simpsonsworld.com/video/230516291714
495,Holidays of Future Passed,11-12-2011,NABF18,23,9,495,6.43,69460,8.2,905,http://static-media.fxx.com/img/FX_Networks_-_FXX/702/979/HolidaysofFuturePassed.jpg,http://www.simpsonsworld.com/video/230516803889
496,"Politically Inept, with Homer Simpson",08-01-2012,PABF03,23,10,496,5.07,44074,6.1,549,http://static-media.fxx.com/img/FX_Networks_-_FXX/733/735/Simpsons_23_10.jpg,http://www.simpsonsworld.com/video/230549059731
497,The D'oh-cial Network,15-01-2012,PABF04,23,11,497,11.48,43275,7,553,http://static-media.fxx.com/img/FX_Networks_-_FXX/736/663/Simpsons_23_11.jpg,http://www.simpsonsworld.com/video/230552131592
498,Moe Goes from Rags to Riches,29-01-2012,PABF05,23,12,498,5.12,39838,5.7,562,http://static-media.fxx.com/img/FX_Networks_-_FXX/738/115/Simpsons_23_12.jpg,http://www.simpsonsworld.com/video/230553667901
499,The Daughter Also Rises,12-02-2012,PABF06,23,13,499,4.26,40669,6.5,490,http://static-media.fxx.com/img/FX_Networks_-_FXX/746/423/TheDaughterAlsoRises.jpg,http://www.simpsonsworld.com/video/230562371905
500,At Long Last Leave,19-02-2012,PABF07,23,14,500,5.77,45226,7,580,http://static-media.fxx.com/img/FX_Networks_-_FXX/726/903/Simpsons_23_14_1280x720_279065667661.jpg,http://www.simpsonsworld.com/video/230541891832
501,Exit Through the Kwik-E-Mart,04-03-2012,PABF09,23,15,501,5.09,45133,6.9,425,http://static-media.fxx.com/img/FX_Networks_-_FXX/572/355/Exit%20through.jpg,http://www.simpsonsworld.com/video/304468035701
502,How I Wet Your Mother,11-03-2012,PABF08,23,16,502,4.97,44818,7.3,541,http://static-media.fxx.com/img/FX_Networks_-_FXX/779/630/HowIWetYourMother.jpg,http://www.simpsonsworld.com/video/230597187582
503,"Them, Robot",18-03-2012,PABF10,23,17,503,5.25,43615,7.1,493,http://static-media.fxx.com/img/FX_Networks_-_FXX/774/751/ThemRobot.jpg,http://www.simpsonsworld.com/video/230592067926
504,Beware My Cheating Bart,15-04-2012,PABF11,23,18,504,4.86,43422,7.1,470,http://static-media.fxx.com/img/FX_Networks_-_FXX/838/515/Beware_my_cheating.jpg,http://www.simpsonsworld.com/video/311189571768
505,A Totally Fun Thing That Bart Will Never Do Again,29-04-2012,PABF12,23,19,505,5,53058,7.4,568,http://static-media.fxx.com/img/FX_Networks_-_FXX/756/143/ATotallyFunThingThatBartWill.jpg,http://www.simpsonsworld.com/video/273522243657
506,The Spy Who Learned Me,06-05-2012,PABF13,23,20,506,4.84,43544,6.9,405,http://static-media.fxx.com/img/FX_Networks_-_FXX/771/823/TheSpyWhoLearnedMe.jpg,http://www.simpsonsworld.com/video/230588995967
507,Ned 'n Edna's Blend,13-05-2012,PABF15,23,21,507,4.07,47005,6.7,408,http://static-media.fxx.com/img/FX_Networks_-_FXX/70/302/NednEdnasBlend.jpg,http://www.simpsonsworld.com/video/277098051530
508,Lisa Goes Gaga,20-05-2012,PABF14,23,22,508,4.82,44434,4.5,1215,http://static-media.fxx.com/img/FX_Networks_-_FXX/180/779/LisaGoesGaga.jpg,http://www.simpsonsworld.com/video/233190467851
509,Moonshine River,30-09-2012,PABF21,24,1,509,8.08,36570,6.4,597,http://static-media.fxx.com/img/FX_Networks_-_FXX/478/963/Moonshine_River.jpg,http://www.simpsonsworld.com/video/221691971633
510,Treehouse of Horror XXIII,07-10-2012,PABF17,24,2,510,6.57,67484,7.3,600,http://static-media.fxx.com/img/FX_Networks_-_FXX/482/367/Simpsons_24_02.jpg,http://www.simpsonsworld.com/video/221695555645
511,Adventures in Baby-Getting,04-11-2012,PABF18,24,3,511,5.65,39687,6.9,460,http://static-media.fxx.com/img/FX_Networks_-_FXX/476/11/Adventures_in_Baby_Getting.jpg,http://www.simpsonsworld.com/video/221688899646
512,Gone Abie Gone,11-11-2012,PABF16,24,4,512,6.86,35136,6.7,415,http://static-media.fxx.com/img/FX_Networks_-_FXX/476/11/Gone_Abie_Gone.jpg,http://www.simpsonsworld.com/video/221688899887
513,Penny-Wiseguys,18-11-2012,PABF19,24,5,513,5.06,36897,6.3,426,http://static-media.fxx.com/img/FX_Networks_-_FXX/481/391/Penny_Wiseguys.jpg,http://www.simpsonsworld.com/video/221694531617
514,A Tree Grows in Springfield,25-11-2012,PABF22,24,6,514,7.46,43211,6.5,430,http://static-media.fxx.com/img/FX_Networks_-_FXX/979/907/A_Tree_Grows_in_Springfield.jpg,http://www.simpsonsworld.com/video/229733443727
515,The Day the Earth Stood Cool,09-12-2012,PABF20,24,7,515,7.44,40649,7.2,493,http://static-media.fxx.com/img/FX_Networks_-_FXX/105/839/The_Day_the_Earth_Stood_Cool.jpg,http://www.simpsonsworld.com/video/222374467937
516,To Cur with Love,16-12-2012,RABF01,24,8,516,3.77,40726,7.2,441,http://static-media.fxx.com/img/FX_Networks_-_FXX/217/651/To_Cur_with_Love.jpg,http://www.simpsonsworld.com/video/222491715618
517,Homer Goes to Prep School,06-01-2013,RABF02,24,9,517,8.97,42306,6.9,411,http://static-media.fxx.com/img/FX_Networks_-_FXX/113/647/Homer_Goes_to_Prep_School.jpg,http://www.simpsonsworld.com/video/222382659887
518,A Test Before Trying,13-01-2013,RABF03,24,10,518,5.04,41542,7,408,http://static-media.fxx.com/img/FX_Networks_-_FXX/119/3/A_Test_Before_Trying.jpg,http://www.simpsonsworld.com/video/222388291945
519,The Changing of the Guardian,27-01-2013,RABF04,24,11,519,5.23,42215,6.6,405,http://static-media.fxx.com/img/FX_Networks_-_FXX/1011/663/The_Changing_of_the_Guardian.jpg,http://www.simpsonsworld.com/video/257684035668
520,Love is a Many-Splintered Thing,10-02-2013,RABF07,24,12,520,4.19,41828,6.5,471,http://static-media.fxx.com/img/FX_Networks_-_FXX/1009/710/Love_is_a_Many_Splintered_Thing.jpg,http://www.simpsonsworld.com/video/257681987573
521,Hardly Kirk-ing,17-02-2013,RABF05,24,13,521,4.57,42807,7,406,http://static-media.fxx.com/img/FX_Networks_-_FXX/1014/91/Hardly_Kirking.jpg,http://www.simpsonsworld.com/video/257686595928
522,Gorgeous Grampa,03-03-2013,RABF06,24,14,522,4.66,39510,6.2,423,http://static-media.fxx.com/img/FX_Networks_-_FXX/1014/591/Gorgeous_Grampa.jpg,http://www.simpsonsworld.com/video/257687107857
523,"Black Eyed, Please",10-03-2013,RABF09,24,15,523,4.85,42925,7,418,http://static-media.fxx.com/img/FX_Networks_-_FXX/1017/18/Black_Eyed_Please.jpg,http://www.simpsonsworld.com/video/257689667578
524,Dark Knight Court,17-03-2013,RABF10,24,16,524,4.89,44170,7.1,417,http://static-media.fxx.com/img/FX_Networks_-_FXX/16/467/Dark_Knight_Court.jpg,http://www.simpsonsworld.com/video/257714243647
525,What Animated Women Want,14-04-2013,RABF08,24,17,525,4.11,43471,6.5,425,http://static-media.fxx.com/img/FX_Networks_-_FXX/26/226/What_Animated_Women_Want.jpg,http://www.simpsonsworld.com/video/257724483545
526,Pulpit Friction,28-04-2013,RABF11,24,18,526,4.54,41184,6.5,405,http://static-media.fxx.com/img/FX_Networks_-_FXX/30/131/Pulpit_Friction.jpg,http://www.simpsonsworld.com/video/257728579751
527,Whiskey Business,05-05-2013,RABF13,24,19,527,4.43,42810,6.8,371,http://static-media.fxx.com/img/FX_Networks_-_FXX/38/439/Whiskey_Business__009804.jpg,http://www.simpsonsworld.com/video/257737283653
528,The Fabulous Faker Boy,12-05-2013,RABF12,24,20,528,4.16,42426,6.3,410,http://static-media.fxx.com/img/FX_Networks_-_FXX/60/411/The_Fabulous_Faker_Boy.jpg,http://www.simpsonsworld.com/video/257760323921
530,Dangers on a Train,19-05-2013,RABF17,24,22,530,4.52,44984,7,396,http://static-media.fxx.com/img/FX_Networks_-_FXX/67/743/Dangers_on_a_Train.jpg,http://www.simpsonsworld.com/video/257768003795
529,The Saga of Carl,19-05-2013,RABF14,24,21,529,4.01,42996,7.2,460,http://static-media.fxx.com/img/FX_Networks_-_FXX/54/54/The_Saga_of_Carl.jpg,http://www.simpsonsworld.com/video/257753667515
531,Homerland,29-09-2013,RABF20,25,1,531,6.37,47531,7,635,http://static-media.fxx.com/img/FX_Networks_-_FXX/98/3/homer_land.jpg,http://www.simpsonsworld.com/video/307191875741
532,Treehouse of Horror XXIV,06-10-2013,RABF16,25,2,532,6.42,64758,7.1,654,http://static-media.fxx.com/img/FX_Networks_-_FXX/975/803/Simpsons_25_01.jpg,http://www.simpsonsworld.com/video/310259779794
533,Four Regrettings and a Funeral,03-11-2013,RABF18,25,3,533,5.43,39301,6.5,482,http://static-media.fxx.com/img/FX_Networks_-_FXX/290/90/Four_regrettings_and.jpg,http://www.simpsonsworld.com/video/311688259548
534,YOLO,10-11-2013,RABF22,25,4,534,4.2,44551,6.7,489,http://static-media.fxx.com/img/FX_Networks_-_FXX/577/235/YOLO.jpg,http://www.simpsonsworld.com/video/304473155645
535,Labor Pains,17-11-2013,RABF19,25,5,535,4.08,40671,7.1,442,http://static-media.fxx.com/img/FX_Networks_-_FXX/757/958/Labor_Pains.jpg,http://www.simpsonsworld.com/video/311105091548
536,The Kid Is All Right,24-11-2013,SABF02,25,6,536,6.78,39590,6.5,468,http://static-media.fxx.com/img/FX_Networks_-_FXX/203/755/The_Kid_is_all_right.jpg,http://www.simpsonsworld.com/video/310523971648
537,Yellow Subterfuge,08-12-2013,SABF04,25,7,537,6.85,43717,7,440,http://static-media.fxx.com/img/FX_Networks_-_FXX/580/663/Simpsons_25_10.jpg,http://www.simpsonsworld.com/video/304476739664
538,White Christmas Blues,15-12-2013,SABF01,25,8,538,8.48,39290,6.5,449,http://static-media.fxx.com/img/FX_Networks_-_FXX/104/859/White%20Christmas%20Blues.jpg,http://www.simpsonsworld.com/video/307199043880
539,Steal This Episode,05-01-2014,SABF05,25,9,539,12.04,45354,7.6,648,http://static-media.fxx.com/img/FX_Networks_-_FXX/203/255/Steal_this_Episode.jpg,http://www.simpsonsworld.com/video/310523459925
540,Married to the Blob,12-01-2014,SABF03,25,10,540,4.83,40646,7.1,475,http://static-media.fxx.com/img/FX_Networks_-_FXX/220/347/married_to_the_blob.jpg,http://www.simpsonsworld.com/video/310541379637
541,Specs and the City,26-01-2014,SABF06,25,11,541,3.87,44119,7.2,431,http://static-media.fxx.com/img/FX_Networks_-_FXX/109/739/Specs_and_the_city.jpg,http://www.simpsonsworld.com/video/307204163997
543,The Man Who Grew Too Much,09-03-2014,SABF07,25,13,543,3.75,44512,6.7,468,http://static-media.fxx.com/img/FX_Networks_-_FXX/112/667/Simpsons_25_13.jpg,http://www.simpsonsworld.com/video/307207235909
544,The Winter of His Content,16-03-2014,SABF09,25,14,544,4.02,44271,6.6,407,http://static-media.fxx.com/img/FX_Networks_-_FXX/114/619/Simpsons_25_15.jpg,http://www.simpsonsworld.com/video/307209283970
545,The War of Art,23-03-2014,SABF10,25,15,545,3.98,41726,7,414,http://static-media.fxx.com/img/FX_Networks_-_FXX/770/147/Simpsons_25_16.jpg,http://www.simpsonsworld.com/video/311117891947
546,You Don't Have to Live Like a Referee,30-03-2014,SABF11,25,16,546,3.91,42080,6.9,430,http://static-media.fxx.com/img/FX_Networks_-_FXX/592/875/you_dont_have_to_live.jpg,http://www.simpsonsworld.com/video/304489539783
547,Luca$,06-04-2014,SABF12,25,17,547,4.3,45184,6.5,415,http://static-media.fxx.com/img/FX_Networks_-_FXX/603/610/Simpsons_25_18.jpg,http://www.simpsonsworld.com/video/304500803520
548,Days of Future Future,13-04-2014,SABF13,25,18,548,3.64,55742,7,504,http://static-media.fxx.com/img/FX_Networks_-_FXX/973/851/days_of_future_future.jpg,http://www.simpsonsworld.com/video/310257731892
549,What to Expect When Bart's Expecting,27-04-2014,SABF14,25,19,549,3.45,48760,5.8,445,http://static-media.fxx.com/img/FX_Networks_-_FXX/119/499/what_to_expect_when_barts.jpg,http://www.simpsonsworld.com/video/307214403888
550,Brick Like Me,04-05-2014,RABF21,25,20,550,4.39,65613,7.7,705,http://static-media.fxx.com/img/FX_Networks_-_FXX/889/791/brick_like_me.jpg,http://www.simpsonsworld.com/video/311243331763
551,Pay Pal,11-05-2014,SABF15,25,21,551,3.66,51132,6.7,402,http://static-media.fxx.com/img/FX_Networks_-_FXX/605/563/pay_pal.jpg,http://www.simpsonsworld.com/video/304502851923
552,The Yellow Badge of Cowardge,18-05-2014,SABF18,25,22,552,3.28,46408,6.7,416,http://static-media.fxx.com/img/FX_Networks_-_FXX/124/379/the_yellow_badge_of_cowardge.jpg,http://www.simpsonsworld.com/video/307219523604
553,Clown in the Dumps,28-09-2014,SABF20,26,1,553,8.53,29526,5.8,652,http://static-media.fxx.com/img/FX_Networks_-_FXX/942/347/Simpsons_26_01.jpg,http://www.simpsonsworld.com/video/334920771636
554,The Wreck of the Relationship,05-10-2014,SABF17,26,2,554,4.27,38411,6.9,490,http://static-media.fxx.com/img/FX_Networks_-_FXX/947/391/Simpsons_26_02.jpg,http://www.simpsonsworld.com/video/346737219924
555,Super Franchise Me,12-10-2014,SABF19,26,3,555,7.33,42912,6.5,457,http://static-media.fxx.com/img/FX_Networks_-_FXX/154/303/Simpsons_26_03.jpg,http://www.simpsonsworld.com/video/340536899599
556,Treehouse of Horror XXV,19-10-2014,SABF21,26,4,556,7.76,65425,7.3,612,http://static-media.fxx.com/img/FX_Networks_-_FXX/628/699/TheSimpsons_SABF21_2500_1280x720_344252483550.jpg,http://www.simpsonsworld.com/video/344255555880
557,Opposites A-Frack,02-11-2014,SABF22,26,5,557,4.22,36410,6.3,442,http://static-media.fxx.com/img/FX_Networks_-_FXX/309/823/TheSimpsons_SABF22_2500_1280x720_351438403698.jpg,http://www.simpsonsworld.com/video/351437379941
558,Simpsorama,09-11-2014,SABF16,26,6,558,6.7,48223,7.9,977,http://static-media.fxx.com/img/FX_Networks_-_FXX/177/186/Simpsons_26_06.jpg,http://www.simpsonsworld.com/video/355593283530
559,Blazed and Confused,16-11-2014,TABF01,26,7,559,6.7,43513,6.9,456,http://static-media.fxx.com/img/FX_Networks_-_FXX/571/1003/Simpsons_26_07.jpg,http://www.simpsonsworld.com/video/359228483622
560,Covercraft,23-11-2014,TABF02,26,8,560,3.45,38432,6.5,431,http://static-media.fxx.com/img/FX_Networks_-_FXX/371/575/TheSimpsons_TABF02_2500_1280x720_362237507766.jpg,http://www.simpsonsworld.com/video/362239555757
561,I Won't Be Home for Christmas,07-12-2014,TABF03,26,9,561,6.52,37064,6.8,432,http://static-media.fxx.com/img/FX_Networks_-_FXX/947/871/TheSimpsons_TABF03_2500_1280x720_368211523850.jpg,http://www.simpsonsworld.com/video/368212547872
562,The Man Who Came to Be Dinner,04-01-2015,RABF15,26,10,562,10.62,36622,6.8,578,http://static-media.fxx.com/img/FX_Networks_-_FXX/752/215/TheSimpsons_RABF15_2500_1280x720_379818051609.jpg,http://www.simpsonsworld.com/video/379818563729
563,Bart's New Friend,11-01-2015,TABF05,26,11,563,4.28,39702,7.3,434,http://static-media.fxx.com/img/FX_Networks_-_FXX/716/351/TheSimpsons_TABF05_2500_1280x720_383000643563.jpg,http://www.simpsonsworld.com/video/383002179865
564,The Musk Who Fell to Earth,25-01-2015,TABF04,26,12,564,3.29,35848,5.8,439,http://static-media.fxx.com/img/FX_Networks_-_FXX/76/255/TheSimpsons_TABF04_2500_1280x720_388772419542.jpg,http://www.simpsonsworld.com/video/388773443652
565,Walking Big & Tall,08-02-2015,TABF06,26,13,565,2.78,36221,6.3,377,http://static-media.fxx.com/img/FX_Networks_-_FXX/532/854/TheSimpsons_TABF06_2500_1280x720_395693635752.jpg,http://www.simpsonsworld.com/video/395694659511
566,My Fare Lady,15-02-2015,TABF07,26,14,566,2.67,35846,6.7,360,http://static-media.fxx.com/img/FX_Networks_-_FXX/980/875/TheSimpsons_TABF07_2500_1280x720_399381571566.jpg,http://www.simpsonsworld.com/video/399385667625
567,The Princess Guide,01-03-2015,TABF08,26,15,567,3.93,34137,6.6,372,http://static-media.fxx.com/img/FX_Networks_-_FXX/276/239/TheSimpsons_TABF08_2500_1280x720_406150723868.jpg,http://www.simpsonsworld.com/video/406163011894
568,Sky Police,08-03-2015,TABF09,26,16,568,3.79,43023,6.9,377,http://static-media.fxx.com/img/FX_Networks_-_FXX/880/1014/TheSimpsons_TABF09_2500_1280x720_410016835657.jpg,http://www.simpsonsworld.com/video/410018371522
569,Waiting for Duffman,15-03-2015,TABF10,26,17,569,3.59,37874,6.7,374,http://static-media.fxx.com/img/FX_Networks_-_FXX/72/71/TheSimpsons_TABF10_b_1280x720_420421187988.jpg,http://www.simpsonsworld.com/video/420981315819
570,Peeping Mom,19-04-2015,TABF11,26,18,570,3.23,40157,6.7,334,http://static-media.fxx.com/img/FX_Networks_-_FXX/887/903/TheSimpsons_TABF11_1280x720_430425155986.jpg,http://www.simpsonsworld.com/video/430426691868
571,The Kids Are All Fight,26-04-2015,TABF12,26,19,571,3.33,42123,6.9,347,http://static-media.fxx.com/img/FX_Networks_-_FXX/850/987/TheSimpsons_TABF12_1280x720_434681923645.jpg,http://www.simpsonsworld.com/video/434682947703
572,Let's Go Fly a Coot,03-05-2015,TABF13,26,20,572,3.12,40783,6.2,330,http://static-media.fxx.com/img/FX_Networks_-_FXX/307/715/TheSimpsons_TABF13_1280x720_438403139879.jpg,http://www.simpsonsworld.com/video/438408259807
573,Bull-E,10-05-2015,TABF15,26,21,573,2.77,43978,6.8,335,http://static-media.fxx.com/img/FX_Networks_-_FXX/475/879/TheSimpsons_TABF15_1280x720_442878531850.jpg,http://www.simpsonsworld.com/video/442879555692
574,Mathlete's Feat,17-05-2015,TABF16,26,22,574,2.82,47429,6.9,335,http://static-media.fxx.com/img/FX_Networks_-_FXX/999/75/TheSimpsons_TABF16_1280x720_446647875723.jpg,http://www.simpsonsworld.com/video/446649411760
575,Every Man's Dream,27-09-2015,TABF14,27,1,575,3.28,187,5.9,532,http://static-media.fxx.com/img/FX_Networks_-_FXX/529/403/TheSimpsons_TABF14_1280x720_533027395692.jpg,http://www.simpsonsworld.com/video/770426947744
576,Cue Detective,04-10-2015,TABF17,27,2,576,6.02,178,6.7,395,http://static-media.fxx.com/img/FX_Networks_-_FXX/690/39/TheSimpsons_TABF17_1280x720_538102339785.jpg,http://www.simpsonsworld.com/video/770595395906
577,Puffless,11-10-2015,TABF19,27,3,577,3.31,160,7.2,404,http://static-media.fxx.com/img/FX_Networks_-_FXX/80/527/TheSimpsons_TABF19b_1280x720_546148419631.jpg,http://www.simpsonsworld.com/video/772103747997
578,Halloween of Horror,18-10-2015,TABF22,27,4,578,3.69,196,7.5,462,http://static-media.fxx.com/img/FX_Networks_-_FXX/528/427/TheSimpsons_TABF22_1280x720_546469443783.jpg,http://www.simpsonsworld.com/video/770425923947
579,Treehouse of Horror XXVI,25-10-2015,TABF18,27,5,579,6.75,195,6.8,385,http://static-media.fxx.com/img/FX_Networks_-_FXX/535/259/TheSimpsons_TABF18_1280x720_551644227791.jpg,http://www.simpsonsworld.com/video/770433091920
580,Friend with Benefit,08-11-2015,TABF21,27,6,580,3.48,175,6.8,335,http://static-media.fxx.com/img/FX_Networks_-_FXX/539/163/Simpsons_27_06.jpg,http://www.simpsonsworld.com/video/770437187884
581,Lisa with an 'S',22-11-2015,TABF20,27,7,581,5.64,145,6.3,328,http://static-media.fxx.com/img/FX_Networks_-_FXX/520/119/fox_TheSimpsons_TABF20_hulu.jpg,http://www.simpsonsworld.com/video/770417219938
582,Paths of Glory,06-12-2015,VABF01,27,8,582,5.53,170,7.1,305,http://static-media.fxx.com/img/FX_Networks_-_FXX/524/1022/Simpsons_27_08.jpg,http://www.simpsonsworld.com/video/770422339536
583,Barthood,13-12-2015,VABF02,27,9,583,5.97,182,8.4,698,http://static-media.fxx.com/img/FX_Networks_-_FXX/526/474/fox_TheSimpsons_VABF02_hulu.jpg,http://www.simpsonsworld.com/video/770423875541
584,The Girl Code,03-01-2016,VABF03,27,10,584,4.41,166,6.6,356,http://static-media.fxx.com/img/FX_Networks_-_FXX/536/734/Simpsons_27_10.jpg,http://www.simpsonsworld.com/video/770434627559
585,Teenage Mutant Milk-Caused Hurdles,10-01-2016,VABF04,27,11,585,8.33,172,6.8,309,http://static-media.fxx.com/img/FX_Networks_-_FXX/532/331/Simpsons_27_11.jpg,http://www.simpsonsworld.com/video/770430019813
586,Much Apu About Something,17-01-2016,VABF05,27,12,586,3.95,170,6.7,271,http://static-media.fxx.com/img/FX_Networks_-_FXX/550/898/Simpsons_27_12.jpg,http://www.simpsonsworld.com/video/770449475567
587,Love Is in the N2-O2-Ar-CO2-Ne-He-CH4,14-02-2016,VABF07,27,13,587,2.89,158,6.3,252,http://static-media.fxx.com/img/FX_Networks_-_FXX/541/615/Simpsons_27_13.jpg,http://www.simpsonsworld.com/video/770439747712
588,Gal of Constant Sorrow,21-02-2016,VABF06,27,14,588,3.1,144,6.6,293,http://static-media.fxx.com/img/FX_Networks_-_FXX/552/851/simp_Gal_of_Constant_Sorrow-VABF06Sc1117_hires2.jpg,http://www.simpsonsworld.com/video/770451523845
589,Lisa the Veterinarian,06-03-2016,VABF08,27,15,589,3.09,174,6.3,233,http://static-media.fxx.com/img/FX_Networks_-_FXX/553/827/simp_VABF08_Sc_1043_hires2.jpg,http://www.simpsonsworld.com/video/770452547696
590,The Marge-ian Chronicles,13-03-2016,VABF09,27,16,590,3.07,201,7.3,262,http://static-media.fxx.com/img/FX_Networks_-_FXX/972/271/simp_The_Marg-ian_Chronicles_VABF09-Sc3022_hires2.jpg,http://www.simpsonsworld.com/video/770891331927
591,The Burns Cage,03-04-2016,VABF10,27,17,591,2.32,190,6.5,246,http://static-media.fxx.com/img/FX_Networks_-_FXX/974/722/Simpsons_27_17.jpg,http://www.simpsonsworld.com/video/770893891557
592,How Lisa Got Her Marge Back,10-04-2016,VABF11,27,18,592,2.55,188,6.4,228,http://static-media.fxx.com/img/FX_Networks_-_FXX/974/723/fox_TheSimpsons_VABF11_hulu.jpg,http://www.simpsonsworld.com/video/770893891750
593,Fland Canyon,24-04-2016,VABF12,27,19,593,2.77,192,7.1,229,http://static-media.fxx.com/img/FX_Networks_-_FXX/975/199/simp_Fland_Canyon_VABF12Sc2032_hires2.jpg,http://www.simpsonsworld.com/video/770894403718
594,To Courier with Love,08-05-2016,VABF14,27,20,594,2.52,192,6.7,193,http://static-media.fxx.com/img/FX_Networks_-_FXX/79/51/fox_TheSimpsons_VABF14_hulu.jpg,http://www.simpsonsworld.com/video/772102211921
595,Simprovised,15-05-2016,VABF13,27,21,595,2.8,228,6.4,227,http://static-media.fxx.com/img/FX_Networks_-_FXX/973/247/fox_TheSimpsons_VABF13_hulu.jpg,http://www.simpsonsworld.com/video/770892355976
596,Orange Is the New Yellow,22-05-2016,VABF15,27,22,596,2.54,276,6.9,210,http://static-media.fxx.com/img/FX_Networks_-_FXX/88/335/fox_TheSimpsons_VABF15_hulu.jpg,http://www.simpsonsworld.com/video/772111939897
597,Monty Burns' Fleeing Circus,25-09-2016,VABF20,28,1,597,3.36,994,6.6,104,http://static-media.fxx.com/img/FX_Networks_-_FXX/605/927/Simpsons_2720_MontyCircus_Sc1064_hires2_hires2_1280x720_772657731562.jpg,http://www.simpsonsworld.com/video/772654659902
598,"Friends and Family""[203]",02-10-2016,VABF18,28,2,598,6,,,,,
599,"The Town""[205]",09-10-2016,VABF17,28,3,599,3.22,,,,,
600,"Treehouse of Horror XXVII""[207]",16-10-2016,VABF16,28,4,600,7.44,,,,,
